id,picture_url,property_type
13358,https://a0.muscache.com/pictures/40034c18-0837-463e-a1d5-159e38469caf.jpg,Entire condo
26047,https://a0.muscache.com/pictures/0ead6a47-5af1-4f54-b220-54c75eb9648c.jpg,Entire condo
42645,https://a0.muscache.com/pictures/cfbb44d3-5671-45f2-b61b-601ff8896bc7.jpg,Entire condo
48146,https://a0.muscache.com/pictures/5f16887d-ca5b-47ed-9581-2a0fef2e3f87.jpg,Entire condo
49736,https://a0.muscache.com/pictures/285244/87794eeb_original.jpg,Entire condo
172827,https://a0.muscache.com/pictures/c9a52a5b-c64d-4401-ab48-4229fffcb0b8.jpg,Entire condo
322824,https://a0.muscache.com/pictures/21083151/99fe9ac1_original.jpg,Entire condo
448104,https://a0.muscache.com/pictures/5412157/279e5807_original.jpg,Entire condo
622217,https://a0.muscache.com/pictures/d4b541b6-7dbd-41fb-8220-f36de13ea061.jpg,Entire condo
703179,https://a0.muscache.com/pictures/acf40fa6-6acf-4878-bc9a-db288be4c805.jpg,Entire condo
1021607,https://a0.muscache.com/pictures/15403280/84fdc79c_original.jpg,Entire condo
1223989,https://a0.muscache.com/pictures/19663673/1a4b5d52_original.jpg,Entire condo
1343411,https://a0.muscache.com/pictures/98907295/987f399c_original.jpg,Entire condo
1393599,https://a0.muscache.com/pictures/miso/Hosting-1393599/original/003823b0-8506-49dc-942a-3a8ef6d8cbea.jpeg,Entire condo
1733307,https://a0.muscache.com/pictures/miso/Hosting-1733307/original/21abe071-fb26-49e7-ba70-f81bdf7ac3cb.jpeg,Entire condo
1898584,https://a0.muscache.com/pictures/109537903/03974257_original.jpg,Entire condo
2003897,https://a0.muscache.com/pictures/27638545/f0487fab_original.jpg,Entire condo
2188113,https://a0.muscache.com/pictures/29589897/a2d494da_original.jpg,Entire condo
2493042,https://a0.muscache.com/pictures/miso/Hosting-2493042/original/bce25306-552e-4e67-9db6-f2faf4c4f769.jpeg,Entire condo
2764812,https://a0.muscache.com/pictures/fe8a49ef-e148-4e7b-80be-a41a403bd311.jpg,Entire condo
2831971,https://a0.muscache.com/pictures/62547c91-1861-48a8-9640-0eddcd2480d5.jpg,Entire condo
2997414,https://a0.muscache.com/pictures/miso/Hosting-2997414/original/a3f8843f-f7ca-4827-b665-1a4c964ee52c.jpeg,Entire condo
3100878,https://a0.muscache.com/pictures/4399840b-f990-4e36-90c7-26afe3159b97.jpg,Entire condo
3133244,https://a0.muscache.com/pictures/39960997/5ab5d846_original.jpg,Entire condo
3177610,https://a0.muscache.com/pictures/87410218-c992-4366-8e69-3ba8301371e6.jpg,Entire condo
3342823,https://a0.muscache.com/pictures/79600862/3416004f_original.jpg,Entire condo
3415750,https://a0.muscache.com/pictures/76453329/9ff38344_original.jpg,Entire condo
3678827,https://a0.muscache.com/pictures/miso/Hosting-3678827/original/3e89936a-bbda-4413-a0b6-11c5fcd2bc8a.jpeg,Entire condo
4075378,https://a0.muscache.com/pictures/709c5554-00ef-449f-b00a-4af83559f5e5.jpg,Entire condo
4120301,https://a0.muscache.com/pictures/22d62daf-0841-4a89-b3ac-a1fdf84c4d81.jpg,Entire condo
4318059,https://a0.muscache.com/pictures/db72f990-dc17-45eb-b5a4-6ffe8f96d73c.jpg,Entire condo
4447077,https://a0.muscache.com/pictures/56233661/5fe49dae_original.jpg,Entire condo
4495075,https://a0.muscache.com/pictures/miso/Hosting-4495075/original/4b37cc1a-d002-4d87-a888-0bb07f831a38.jpeg,Entire condo
4630113,https://a0.muscache.com/pictures/90669626/6c13d344_original.jpg,Entire condo
4849995,https://a0.muscache.com/pictures/1f5b652a-0bc2-465a-9d85-3f7ed99dd4aa.jpg,Entire condo
5040320,https://a0.muscache.com/pictures/65624721/ccb63e14_original.jpg,Entire condo
5154272,https://a0.muscache.com/pictures/611198af-8d59-4847-8da9-8f4bba593002.jpg,Entire condo
5154591,https://a0.muscache.com/pictures/108322749/a614083d_original.jpg,Entire condo
5347437,https://a0.muscache.com/pictures/5458138f-54ba-4309-9ab4-70decd4a5b09.jpg,Entire condo
5423637,https://a0.muscache.com/pictures/2b391fe1-002e-4956-a3a3-9821eacfaa8b.jpg,Entire condo
5480529,https://a0.muscache.com/pictures/miso/Hosting-5480529/original/cceaf220-2ccd-4536-9ce1-91aab220b850.jpeg,Entire condo
5571829,https://a0.muscache.com/pictures/83534681/a5628bd1_original.jpg,Entire condo
5670706,https://a0.muscache.com/pictures/73315253/1895ab1c_original.jpg,Entire condo
5686176,https://a0.muscache.com/pictures/99c60653-7111-4e61-ac86-f09d2473bffe.jpg,Entire condo
5759976,https://a0.muscache.com/pictures/83765806/064331ae_original.jpg,Entire condo
5919984,https://a0.muscache.com/pictures/miso/Hosting-5919984/original/7f5cf3a1-9918-49d7-a99f-329d78081e17.jpeg,Entire condo
6128764,https://a0.muscache.com/pictures/3addd317-cdba-493b-b968-ca045a1382ab.jpg,Entire condo
6270968,https://a0.muscache.com/pictures/104592232/ec097761_original.jpg,Entire condo
6602481,https://a0.muscache.com/pictures/ed8dfa9b-4a36-4ddb-8239-7d31f4849f92.jpg,Entire condo
6611269,https://a0.muscache.com/pictures/1ad349e3-a540-4399-844d-834a91d33077.jpg,Entire condo
6975013,https://a0.muscache.com/pictures/miso/Hosting-6975013/original/b0b0e645-c7dc-4e47-ab65-3f345b0a2de9.png,Entire condo
7112627,https://a0.muscache.com/pictures/90649077/ad5ec9a9_original.jpg,Entire condo
7327653,https://a0.muscache.com/pictures/5dc91df9-a332-49a9-9820-bb1c9cdd0987.jpg,Entire condo
7804061,https://a0.muscache.com/pictures/miso/Hosting-7804061/original/4139690f-f80c-4856-8400-acb9e40efc81.jpeg,Entire condo
7812180,https://a0.muscache.com/pictures/c3d03ebe-4718-4ee3-aeae-c0bbccee110f.jpg,Entire condo
7989551,https://a0.muscache.com/pictures/a82027c8-1c79-4ecd-9f89-881c9b22497a.jpg,Entire condo
8118622,https://a0.muscache.com/pictures/103439766/dce185dc_original.jpg,Entire condo
8171107,https://a0.muscache.com/pictures/1496a62e-30a5-4d5f-a058-4a98ffeeb1c1.jpg,Entire condo
8210871,https://a0.muscache.com/pictures/e87fdcd4-8f1b-4851-92fa-ed65df64ca54.jpg,Entire condo
8434517,https://a0.muscache.com/pictures/76708733-3b6c-4f00-bbfd-570d5a7e766f.jpg,Entire condo
8470134,https://a0.muscache.com/pictures/107704807/10147071_original.jpg,Entire condo
8616836,https://a0.muscache.com/pictures/109431243/f2dd7fa8_original.jpg,Entire condo
8656743,https://a0.muscache.com/pictures/1c35024c-2384-486d-bbfb-42c0b6d471ea.jpg,Entire condo
9046022,https://a0.muscache.com/pictures/6ae31dae-6e9f-4099-b495-0b688a037640.jpg,Entire condo
9490187,https://a0.muscache.com/pictures/4cc85861-eb53-4982-a234-62ff9d7defc5.jpg,Entire condo
9592923,https://a0.muscache.com/pictures/e79f59e8-f331-44d8-b395-6a705e45995e.jpg,Entire condo
9636681,https://a0.muscache.com/pictures/miso/Hosting-9636681/original/7367eb8d-182c-4696-9da9-e0be56732ebe.jpeg,Entire condo
9684392,https://a0.muscache.com/pictures/miso/Hosting-9684392/original/390c7042-3986-47cd-95f1-bec7ad5bdbfb.jpeg,Entire condo
10151493,https://a0.muscache.com/pictures/miso/Hosting-10151493/original/d23c8e14-fcd0-454d-afc6-e116ddaba38b.jpeg,Entire condo
10598712,https://a0.muscache.com/pictures/fdeb7c91-f190-4cc8-96e0-eef5f86a9d0f.jpg,Entire condo
10811008,https://a0.muscache.com/pictures/de1fac67-fec9-4712-8cbd-f94cc09c8f95.jpg,Entire condo
11207279,https://a0.muscache.com/pictures/d3b5b012-619a-4523-ac0a-2cfae98c17b6.jpg,Entire condo
11677580,https://a0.muscache.com/pictures/5a1e471d-4d75-41dc-85e6-6a4b2334210f.jpg,Entire condo
11742643,https://a0.muscache.com/pictures/95830869-77a4-4b2a-9e26-95cb4606f7cd.jpg,Entire condo
11922799,https://a0.muscache.com/pictures/1bafb534-6d87-48d7-a368-0a7aaba48d2d.jpg,Entire condo
12209150,https://a0.muscache.com/pictures/miso/Hosting-12209150/original/6b90b9e6-5b8d-44b2-943f-2d595717f521.jpeg,Entire condo
12213507,https://a0.muscache.com/pictures/20b0f246-a33f-4188-81dd-4609cea7c58a.jpg,Entire condo
12391067,https://a0.muscache.com/pictures/cf09b36a-9ea8-4412-b467-e29fc205ea4e.jpg,Entire condo
13021044,https://a0.muscache.com/pictures/e2b0678c-ec93-437f-9426-5e8e003a44d4.jpg,Entire condo
13062709,https://a0.muscache.com/pictures/45bf0acd-53f0-45ba-ae84-157ddb6a03c9.jpg,Entire condo
13093588,https://a0.muscache.com/pictures/faabd936-98a4-4c97-a7fa-fec9b80c8a69.jpg,Entire condo
13111653,https://a0.muscache.com/pictures/7032d76e-5d72-4a3e-b2a2-9a36054b5d23.jpg,Entire condo
13261213,https://a0.muscache.com/pictures/miso/Hosting-13261213/original/12d582dc-a94b-45d2-a032-e8b5261209de.jpeg,Entire condo
13284465,https://a0.muscache.com/pictures/9308c7c6-d9cc-4ce3-b584-cfc7ed21f48e.jpg,Entire condo
13317612,https://a0.muscache.com/pictures/4ee325e7-1b57-4ceb-a31d-388c36cc54ea.jpg,Entire condo
13358432,https://a0.muscache.com/pictures/b32c394a-8e13-40cd-bc23-d9b1cbd0418b.jpg,Entire condo
13767831,https://a0.muscache.com/pictures/ee7040ad-23b5-4ce5-8b37-34c35f85b8ea.jpg,Entire condo
13784356,https://a0.muscache.com/pictures/miso/Hosting-13784356/original/84eeb2cb-c350-4b40-b1ea-c8e0e945c70d.jpeg,Entire condo
13831080,https://a0.muscache.com/pictures/580ec043-8f57-4b68-9174-2382b47cbcf0.jpg,Entire condo
13858633,https://a0.muscache.com/pictures/abb60063-bb22-4ef8-8eb9-8d4c7373cd5c.jpg,Entire condo
13863209,https://a0.muscache.com/pictures/miso/Hosting-13863209/original/af952dcb-7205-48a6-818c-a323d17dd16e.jpeg,Entire condo
13993885,https://a0.muscache.com/pictures/miso/Hosting-13993885/original/0e70b901-acf3-45f1-b20f-4709101163a6.jpeg,Entire condo
13994841,https://a0.muscache.com/pictures/46f6eb7b-2b56-4f8f-9534-acafd0d6942b.jpg,Entire condo
14216608,https://a0.muscache.com/pictures/9ac1ca51-5544-42bc-9d17-cf728fac1828.jpg,Entire condo
14595350,https://a0.muscache.com/pictures/3b0d3478-1835-4bd1-a869-fc4443b6a23e.jpg,Entire condo
14711719,https://a0.muscache.com/pictures/c8104d08-bca8-4484-822b-f9b2a7d45004.jpg,Entire condo
14724594,https://a0.muscache.com/pictures/79a4158c-4af0-422e-b6c7-f84a50eb29fe.jpg,Entire condo
14811738,https://a0.muscache.com/pictures/pro_photo_tool/Hosting-14811738-unapproved/original/18a19522-e166-45e4-acfe-58e204efab73.JPEG,Entire condo
14992464,https://a0.muscache.com/pictures/511eea9c-d2f0-4038-b68f-abeb2c76ac45.jpg,Entire condo
15260043,https://a0.muscache.com/pictures/4564f039-ee6d-4ce5-9c9d-6d3cb97f58f5.jpg,Entire condo
9.10E+17,https://a0.muscache.com/pictures/miso/Hosting-910365624156450738/original/39e37e7d-3fff-4b56-b4ac-4a46cc1d5255.jpeg,Entire condo
9.10E+17,https://a0.muscache.com/pictures/miso/Hosting-909582761848954523/original/a630c462-5256-40be-ad01-fd8faddfd337.jpeg,Entire condo
9.11E+17,https://a0.muscache.com/pictures/miso/Hosting-910937992147210686/original/5461578c-5088-4ca2-94c4-4378bfb8fa9b.jpeg,Entire condo
9.10E+17,https://a0.muscache.com/pictures/miso/Hosting-909990681548478541/original/cff61ae9-e829-45df-9d70-38b227a8fe85.jpeg,Entire condo
9.10E+17,https://a0.muscache.com/pictures/miso/Hosting-910118863280641382/original/b744f570-0ac2-4cf2-881e-0cc9984f4ec1.jpeg,Entire condo
9.12E+17,https://a0.muscache.com/pictures/miso/Hosting-911518230348455415/original/5d5ce3b9-e14f-4734-97a8-e5fa03537a73.jpeg,Entire condo
9.10E+17,https://a0.muscache.com/pictures/072fe2ee-a297-4473-be35-5e7d155fadbe.jpg,Entire condo
9.10E+17,https://a0.muscache.com/pictures/miso/Hosting-910326169685668189/original/06660e5f-bb41-42cf-b531-8a9e9795e467.jpeg,Entire condo
9.14E+17,https://a0.muscache.com/pictures/miso/Hosting-913979436085069244/original/7ed2b3bb-4dcf-40e6-8b84-29c79c7d95a4.jpeg,Entire condo
9.12E+17,https://a0.muscache.com/pictures/6ca3cb75-1eb8-4693-acbf-8f9c8457eab7.jpg,Entire condo
9.12E+17,https://a0.muscache.com/pictures/838a2be1-1ebd-4050-bf62-61b55dd589d5.jpg,Entire condo
9.15E+17,https://a0.muscache.com/pictures/miso/Hosting-10011267/original/7edb6772-df82-487b-baa6-2a74227b7c28.jpeg,Entire condo
9.15E+17,https://a0.muscache.com/pictures/miso/Hosting-915130043937223536/original/a7a06363-60cc-49e0-a710-5832260b8375.jpeg,Entire condo
9.15E+17,https://a0.muscache.com/pictures/prohost-api/Hosting-915173348258116252/original/6aee2074-52ca-4337-9b4c-a8c9d7a71ca7.jpeg,Entire condo
9.15E+17,https://a0.muscache.com/pictures/miso/Hosting-915350576545794712/original/f95c8dfd-dee4-4bb1-9690-5de0dcf44dc8.jpeg,Entire condo
9.16E+17,https://a0.muscache.com/pictures/miso/Hosting-915826077105083941/original/cf07f7b4-7ef1-4779-86dc-11a7cf2b7c73.jpeg,Entire condo
9.19E+17,https://a0.muscache.com/pictures/6849d354-4cd2-4214-93c4-ffbf8a3612a1.jpg,Entire condo
9.19E+17,https://a0.muscache.com/pictures/miso/Hosting-919045295422687515/original/fdc58571-b30c-4298-a6fe-c1fe38350f21.jpeg,Entire condo
9.19E+17,https://a0.muscache.com/pictures/miso/Hosting-919072835645411391/original/30b84c76-d6d6-4ffc-b410-dde4a34100d3.jpeg,Entire condo
9.19E+17,https://a0.muscache.com/pictures/miso/Hosting-919104689581618291/original/07658bcf-8acd-4947-a84f-ea20f7c7f061.jpeg,Entire condo
9.19E+17,https://a0.muscache.com/pictures/miso/Hosting-919457873834367776/original/cbb1c141-2bf7-4030-ab01-777e453154a8.jpeg,Entire condo
9.20E+17,https://a0.muscache.com/pictures/miso/Hosting-919780233136135130/original/139dcd1d-5803-42f0-ab1e-22a2a1527482.jpeg,Entire condo
9.18E+17,https://a0.muscache.com/pictures/miso/Hosting-917558492415040391/original/fa7d0bbe-4bc2-4c20-bdaf-133045f5fc90.jpeg,Entire condo
9.18E+17,https://a0.muscache.com/pictures/9f45e28f-b4cb-4ecf-8517-8b636233c5a4.jpg,Entire condo
9.20E+17,https://a0.muscache.com/pictures/miso/Hosting-920413691586127117/original/61a80d96-273f-4f01-8087-fe13236ae47f.jpeg,Entire condo
9.18E+17,https://a0.muscache.com/pictures/miso/Hosting-917653052675253764/original/f84aa26e-d33c-4734-a744-613801766bb3.jpeg,Entire condo
9.21E+17,https://a0.muscache.com/pictures/955470ab-7909-4ad6-aac4-2fdaa1ebd851.jpg,Entire condo
9.18E+17,https://a0.muscache.com/pictures/miso/Hosting-918120729702452879/original/dd1ebfce-23d6-4840-95e9-2686be366988.jpeg,Entire condo
9.18E+17,https://a0.muscache.com/pictures/miso/Hosting-918204530536145119/original/d5f1d60e-710e-4be3-9d87-c5da668cd507.jpeg,Entire condo
9.22E+17,https://a0.muscache.com/pictures/miso/Hosting-921932641370278598/original/ddfb10a1-b221-4932-bea0-3955697f4d57.jpeg,Entire condo
9.22E+17,https://a0.muscache.com/pictures/miso/Hosting-922423702281052788/original/a088fe45-c367-43a1-a9a8-5dfe96a2896a.png,Entire condo
9.22E+17,https://a0.muscache.com/pictures/1a2691b5-bb62-4a71-9412-c07e08617b16.jpg,Entire condo
9.23E+17,https://a0.muscache.com/pictures/miso/Hosting-922609828352154284/original/b9f145d3-6404-4015-b41d-0ff63e787c67.jpeg,Entire condo
9.25E+17,https://a0.muscache.com/pictures/miso/Hosting-924819460299632292/original/29107ede-a9c2-48e8-ab4f-a3c304530234.jpeg,Entire condo
9.23E+17,https://a0.muscache.com/pictures/miso/Hosting-28308504/original/182771e7-493c-448b-99f7-7626d282da6a.jpeg,Entire condo
9.23E+17,https://a0.muscache.com/pictures/miso/Hosting-923334631510875803/original/1f2c838c-4b48-4619-ad49-144c21c0179c.jpeg,Entire condo
9.25E+17,https://a0.muscache.com/pictures/miso/Hosting-925311800869786985/original/035ad7e2-94c1-4ff1-a447-7ea0d3c8a74a.jpeg,Entire condo
9.23E+17,https://a0.muscache.com/pictures/miso/Hosting-923360790114841349/original/db8bc8c4-429f-41d8-b909-7f82333192a7.jpeg,Entire condo
9.23E+17,https://a0.muscache.com/pictures/miso/Hosting-923361431353015315/original/febdc443-d6a6-43d8-9a4b-a2737b06b442.jpeg,Entire condo
9.23E+17,https://a0.muscache.com/pictures/miso/Hosting-923397778900329001/original/a56f5405-e6d2-423a-97c1-c0d3cf9acb3b.jpeg,Entire condo
9.24E+17,https://a0.muscache.com/pictures/miso/Hosting-923813349676808415/original/b8c53a90-c47a-4eac-b45b-34cb902f8866.jpeg,Entire condo
9.26E+17,https://a0.muscache.com/pictures/miso/Hosting-926115386961457432/original/6d9ae082-9e15-4725-94ef-c8d8abdd4357.jpeg,Entire condo
9.27E+17,https://a0.muscache.com/pictures/50077ae0-c7fd-4299-b27c-dead842bb7b3.jpg,Entire condo
9.24E+17,https://a0.muscache.com/pictures/miso/Hosting-924496323719400736/original/fe39e910-34b5-49f7-922c-00a19c68d369.jpeg,Entire condo
9.27E+17,https://a0.muscache.com/pictures/dd5e63c1-dfc9-49c9-9c9d-95bfec53c7b1.jpg,Entire condo
9.28E+17,https://a0.muscache.com/pictures/d86bcd46-ea4a-43d1-86a9-3fd431c4da29.jpg,Entire condo
9.30E+17,https://a0.muscache.com/pictures/miso/Hosting-929781017698609286/original/1b20bca0-c479-491b-a9b8-2332d20c1d5c.png,Entire condo
9.29E+17,https://a0.muscache.com/pictures/39f670a0-5319-4141-8107-931aa1d02f84.jpg,Entire condo
9.30E+17,https://a0.muscache.com/pictures/prohost-api/Hosting-929956885501266251/original/63421584-38ca-43c7-8336-bed07b6641f4.jpeg,Entire condo
9.30E+17,https://a0.muscache.com/pictures/prohost-api/Hosting-929617359627320423/original/33364e6f-1cae-4eb9-b6fa-838c25ce06dc.jpeg,Entire condo
9.30E+17,https://a0.muscache.com/pictures/miso/Hosting-930495227384094908/original/a4b50305-b8c8-48fc-99e8-6174a9bcb1c2.jpeg,Entire condo
9.33E+17,https://a0.muscache.com/pictures/miso/Hosting-932835895589145672/original/d951c1fa-1bf8-44da-a859-e5b6b3227f52.jpeg,Entire condo
9.33E+17,https://a0.muscache.com/pictures/miso/Hosting-933263260636373087/original/43533393-ce0c-4448-9eca-a52c0365615c.jpeg,Entire condo
9.31E+17,https://a0.muscache.com/pictures/miso/Hosting-931395355070678817/original/ebb93148-1841-4015-8a15-5edba31004ee.jpeg,Entire condo
9.33E+17,https://a0.muscache.com/pictures/9873de77-9059-409b-8799-a6c111d5098e.jpg,Entire condo
9.34E+17,https://a0.muscache.com/pictures/miso/Hosting-933504950954017718/original/0d18d6e6-4371-4229-bbb1-9f19a8027e62.jpeg,Entire condo
9.34E+17,https://a0.muscache.com/pictures/prohost-api/Hosting-933529625658376226/original/671e9f8e-86d7-47df-a0da-bec3c2bff4cf.jpeg,Entire condo
9.32E+17,https://a0.muscache.com/pictures/9571e700-596c-4b03-9ea5-1a85eab06ad1.jpg,Entire condo
9.34E+17,https://a0.muscache.com/pictures/miso/Hosting-934206711063994988/original/549db4ed-3992-408a-8a79-419cfbbbf509.jpeg,Entire condo
9.33E+17,https://a0.muscache.com/pictures/miso/Hosting-932563157128562434/original/1452ee86-c5e7-4d76-9bae-3c9d79bd1275.jpeg,Entire condo
9.33E+17,https://a0.muscache.com/pictures/miso/Hosting-932626605044060110/original/96a5d581-5708-48c4-9755-de154a4844e0.jpeg,Entire condo
9.35E+17,https://a0.muscache.com/pictures/373f3303-a0e0-4a9b-bce1-c9258ca3acb0.jpg,Entire condo
9.35E+17,https://a0.muscache.com/pictures/miso/Hosting-934762487582256596/original/43083900-f4b1-4917-a044-96c4b7a8a52b.jpeg,Entire condo
9.36E+17,https://a0.muscache.com/pictures/miso/Hosting-936094881610665141/original/97655e65-bd01-46db-9291-472722cbf723.jpeg,Entire condo
9.39E+17,https://a0.muscache.com/pictures/miso/Hosting-938564534072489793/original/2361a736-b3c6-4288-b245-e752a3b4e3fc.jpeg,Entire condo
9.39E+17,https://a0.muscache.com/pictures/miso/Hosting-939033580139488372/original/57893e76-fc5d-413e-8302-8b5941712e31.jpeg,Entire condo
9.39E+17,https://a0.muscache.com/pictures/prohost-api/Hosting-939073615683556488/original/9cad1686-9985-4f0d-be8c-be0574c6b775.jpeg,Entire condo
9.39E+17,https://a0.muscache.com/pictures/miso/Hosting-939076454268628723/original/dfdf255d-120a-4065-b3bb-84a3c3bb18c9.jpeg,Entire condo
9.39E+17,https://a0.muscache.com/pictures/miso/Hosting-939165869814121312/original/1f6f8b5e-00ce-446d-8834-75a379836cd0.jpeg,Entire condo
9.40E+17,https://a0.muscache.com/pictures/a8d4dda6-1293-4064-9774-5b7d4e8097c1.jpg,Entire condo
9.38E+17,https://a0.muscache.com/pictures/miso/Hosting-937611164862902064/original/741c4346-5d1b-432f-8396-28ca9514d55c.png,Entire condo
9.38E+17,https://a0.muscache.com/pictures/miso/Hosting-937643144527003981/original/9e54c005-834f-4320-812c-d60ca730dcea.jpeg,Entire condo
9.40E+17,https://a0.muscache.com/pictures/miso/Hosting-940083356518440764/original/d343c5ec-e3d1-435f-bc36-585f3e883187.jpeg,Entire condo
9.43E+17,https://a0.muscache.com/pictures/miso/Hosting-942604093881301996/original/d3a02efe-f4b3-4b73-90f3-0df9ad2284e0.png,Entire condo
9.43E+17,https://a0.muscache.com/pictures/miso/Hosting-942781290675716324/original/fc4ecfab-da48-47d6-a3b4-83e4a4393786.jpeg,Entire condo
9.43E+17,https://a0.muscache.com/pictures/hosting/Hosting-942841078463083242/original/0fd6b29e-f9c5-425a-9723-79423995334e.jpeg,Entire condo
9.43E+17,https://a0.muscache.com/pictures/miso/Hosting-942951569843231659/original/6107a078-fd6d-43e0-b053-61e72fb27e1c.jpeg,Entire condo
9.41E+17,https://a0.muscache.com/pictures/miso/Hosting-940535632606113702/original/40cecb7f-3d7f-48bc-b1a4-879045bd1674.jpeg,Entire condo
9.44E+17,https://a0.muscache.com/pictures/miso/Hosting-943524129317605444/original/f5820806-5bfa-4a98-88a2-ff25501728ca.jpeg,Entire condo
9.44E+17,https://a0.muscache.com/pictures/miso/Hosting-943663170289965180/original/cfe8b7fa-a14a-42a7-b8f0-5e750dd91a32.jpeg,Entire condo
9.41E+17,https://a0.muscache.com/pictures/02d913db-ce10-4547-b927-b78bffbe4c09.jpg,Entire condo
9.41E+17,https://a0.muscache.com/pictures/6a16d1fc-6eb6-4d39-b516-eb85fb66be7e.jpg,Entire condo
9.41E+17,https://a0.muscache.com/pictures/miso/Hosting-941255931343662165/original/50c031c5-46b9-4265-9274-0363bd0a86f9.jpeg,Entire condo
9.45E+17,https://a0.muscache.com/pictures/miso/Hosting-944976009843550595/original/df1d1d7a-00d2-45a3-8408-64a02c0da39a.jpeg,Entire condo
9.46E+17,https://a0.muscache.com/pictures/miso/Hosting-945617647253956460/original/5aff630f-a01c-455c-b5df-b11c62e566b3.jpeg,Entire condo
9.46E+17,https://a0.muscache.com/pictures/miso/Hosting-945658297775053358/original/48d72581-22eb-4d6c-83ba-324789ea748f.jpeg,Entire condo
9.42E+17,https://a0.muscache.com/pictures/miso/Hosting-942237741778978591/original/26ec68ad-e9fe-453b-b0af-4038164f7266.png,Entire condo
9.47E+17,https://a0.muscache.com/pictures/hosting/Hosting-946513661909098692/original/548b076a-a8fd-4f65-9c54-01804d30f442.jpeg,Entire condo
9.49E+17,https://a0.muscache.com/pictures/prohost-api/Hosting-948847048260587340/original/9c736768-1c5c-4dcc-999c-177b1376cf4a.jpeg,Entire condo
9.47E+17,https://a0.muscache.com/pictures/miso/Hosting-947098916100480312/original/86eb4b19-b36d-4bc9-a68e-3eac898565fb.png,Entire condo
9.49E+17,https://a0.muscache.com/pictures/miso/Hosting-949181836013380495/original/4f47271e-9b6b-4381-8cc4-8958c9e115e6.jpeg,Entire condo
9.48E+17,https://a0.muscache.com/pictures/miso/Hosting-947775294444451273/original/82f867fc-3f2a-49e1-b2bb-958eeb7ca31e.jpeg,Entire condo
9.49E+17,https://a0.muscache.com/pictures/miso/Hosting-949259017412144227/original/112a65bd-d63d-4555-94fc-bbec4818bdc0.jpeg,Entire condo
9.49E+17,https://a0.muscache.com/pictures/miso/Hosting-949276488142759688/original/17b6d0e8-3c51-4b15-8d6b-1bb43c35e63d.jpeg,Entire condo
9.48E+17,https://a0.muscache.com/pictures/miso/Hosting-947837506000581233/original/06cecaba-8e34-447f-9700-b50ff1d230c7.jpeg,Entire condo
9.48E+17,https://a0.muscache.com/pictures/miso/Hosting-947843903086277178/original/9f55445b-0b81-42d5-8779-d835e0d5c255.jpeg,Entire condo
9.49E+17,https://a0.muscache.com/pictures/miso/Hosting-948523339594124328/original/bbafbf36-35fe-421d-b378-55a6e31973e3.jpeg,Entire condo
9.51E+17,https://a0.muscache.com/pictures/miso/Hosting-951336012170901736/original/940d8933-5b18-4fad-8916-e8bbdca38baf.jpeg,Entire condo
9.50E+17,https://a0.muscache.com/pictures/miso/Hosting-949933388293258085/original/d68c4af3-183a-4600-b90e-6567fdc7b1a8.jpeg,Entire condo
9.50E+17,https://a0.muscache.com/pictures/miso/Hosting-949966798944896590/original/654132a8-3ffa-45b7-b280-e296278ab1ac.jpeg,Entire condo
9.53E+17,https://a0.muscache.com/pictures/miso/Hosting-952966761068420125/original/78eb277a-288a-4ed0-a6cd-698786b7dfa4.jpeg,Entire condo
9.53E+17,https://a0.muscache.com/pictures/7d9d7d40-b58a-4231-b94b-83e4727785ec.jpg,Entire condo
9.54E+17,https://a0.muscache.com/pictures/miso/Hosting-953574365358597590/original/4f268dfd-392e-4344-8ee7-b12f631e46c5.jpeg,Entire condo
9.54E+17,https://a0.muscache.com/pictures/miso/Hosting-953802031311382225/original/bd71b0db-1f0c-4d13-a997-d2f343718202.png,Entire condo
9.55E+17,https://a0.muscache.com/pictures/hosting/Hosting-954985587553102790/original/fa58c421-2869-405b-8e15-9bbc19301867.jpeg,Entire condo
9.54E+17,https://a0.muscache.com/pictures/miso/Hosting-953901392910530633/original/e4a411cf-e299-4a98-bea1-479e3d097b8f.jpeg,Entire condo
9.55E+17,https://a0.muscache.com/pictures/prohost-api/Hosting-955032330818027176/original/7928c12c-d0b4-4de0-9edf-0240b5c3cf88.jpeg,Entire condo
9.56E+17,https://a0.muscache.com/pictures/miso/Hosting-955891435704763613/original/3b15aa2b-03a4-4ce9-ad0e-d559901de76b.jpeg,Entire condo
9.56E+17,https://a0.muscache.com/pictures/miso/Hosting-956105655422169100/original/e12b2b38-3b05-4990-8911-3b2c29f72168.jpeg,Entire condo
9.56E+17,https://a0.muscache.com/pictures/7ea693cd-1917-46c9-8dd7-bcf354ac13b0.jpg,Entire condo
9.57E+17,https://a0.muscache.com/pictures/84704dcd-f180-4633-aa52-25fb6d08d3b4.jpg,Entire condo
9.57E+17,https://a0.muscache.com/pictures/miso/Hosting-956913468252159721/original/f99fa3f4-6c45-4517-a260-53b0128135a3.jpeg,Entire condo
9.58E+17,https://a0.muscache.com/pictures/miso/Hosting-957826502560124326/original/b205caee-1b3c-4d78-8ad1-41a3d3c699cd.jpeg,Entire condo
9.58E+17,https://a0.muscache.com/pictures/miso/Hosting-957933965545698751/original/ed99312e-098e-49bd-b0b4-f3b91dde6f14.png,Entire condo
9.55E+17,https://a0.muscache.com/pictures/miso/Hosting-955194657830870691/original/831caec2-2998-4793-9c2a-6ba194d7bf00.jpeg,Entire condo
9.58E+17,https://a0.muscache.com/pictures/miso/Hosting-957982889244613947/original/d4722225-3603-46ae-8c99-365884fb5f0d.jpeg,Entire condo
9.58E+17,https://a0.muscache.com/pictures/miso/Hosting-958093237745734637/original/0ca7cace-1ad3-41ee-b88a-c8e8847611af.jpeg,Entire condo
9.55E+17,https://a0.muscache.com/pictures/miso/Hosting-955266338608059729/original/ba613221-3bb5-4e22-905d-de575a1e2c95.jpeg,Entire condo
9.58E+17,https://a0.muscache.com/pictures/prohost-api/Hosting-958255200006280489/original/a066149c-8c66-4aef-92ab-8c944a7d0370.jpeg,Entire condo
9.58E+17,https://a0.muscache.com/pictures/c71f7a57-3725-4029-8ac2-5e256df53b3f.jpg,Entire condo
9.59E+17,https://a0.muscache.com/pictures/miso/Hosting-959494139343231144/original/aef0edb3-811b-43e7-9c5a-e88daf8f7cbc.jpeg,Entire condo
9.60E+17,https://a0.muscache.com/pictures/miso/Hosting-959672254139659613/original/3f64f7e2-82bc-42bb-92f8-0e93c653886f.jpeg,Entire condo
9.59E+17,https://a0.muscache.com/pictures/miso/Hosting-958754177385359955/original/e1a8f6b5-d95f-4fec-8ce3-9c1f46fde152.png,Entire condo
9.60E+17,https://a0.muscache.com/pictures/miso/Hosting-959748573028901768/original/f295abae-1f3d-42f2-86c0-48238442f008.jpeg,Entire condo
9.59E+17,https://a0.muscache.com/pictures/ad1da30b-7993-4958-8215-124084d86912.jpg,Entire condo
9.59E+17,https://a0.muscache.com/pictures/miso/Hosting-959032214815689510/original/5b178fc6-103e-47a8-ab8d-ad488af8986b.jpeg,Entire condo
9.62E+17,https://a0.muscache.com/pictures/miso/Hosting-962146627045269928/original/ecbfa524-13ff-40d9-9127-7823be8b2484.jpeg,Entire condo
9.60E+17,https://a0.muscache.com/pictures/miso/Hosting-960237346680749447/original/8eb92843-f8e2-41d3-88fb-22acd9e93424.jpeg,Entire condo
9.62E+17,https://a0.muscache.com/pictures/miso/Hosting-962280792347444916/original/01ec57a5-06af-4ae5-b720-b30bf5c38440.jpeg,Entire condo
9.62E+17,https://a0.muscache.com/pictures/miso/Hosting-962322861908939693/original/09e0d263-f7ab-4bca-859e-07883d375d4d.jpeg,Entire condo
9.62E+17,https://a0.muscache.com/pictures/miso/Hosting-962387728400767206/original/a993c068-f690-4450-a92b-844d7a0d3079.jpeg,Entire condo
9.60E+17,https://a0.muscache.com/pictures/miso/Hosting-960365628932194172/original/e0d24ff8-601b-4276-a899-aa75688b9338.jpeg,Entire condo
9.60E+17,https://a0.muscache.com/pictures/miso/Hosting-960381640748733660/original/85e6cde1-e38b-4e15-b64d-26f2247aa639.jpeg,Entire condo
9.63E+17,https://a0.muscache.com/pictures/miso/Hosting-962984186813594916/original/faa0933a-5e83-4198-89cd-95abf84888d0.jpeg,Entire condo
9.61E+17,https://a0.muscache.com/pictures/prohost-api/Hosting-960858435852697031/original/30c2dcc5-13db-428a-b8da-6c8ad7a10295.jpeg,Entire condo
9.64E+17,https://a0.muscache.com/pictures/miso/Hosting-963852758631912681/original/2a3b09fc-6ae4-4466-9e84-77d92631bb30.jpeg,Entire condo
9.64E+17,https://a0.muscache.com/pictures/ca19d0f0-4d5b-41cf-ad83-e26c216da2dc.jpg,Entire condo
9.61E+17,https://a0.muscache.com/pictures/miso/Hosting-961159300919461413/original/f9c4bbef-dcd3-47d2-901b-59f236031abc.jpeg,Entire condo
9.64E+17,https://a0.muscache.com/pictures/miso/Hosting-964446513754100982/original/dca560f7-e81d-484c-9dcd-95442826f146.jpeg,Entire condo
9.64E+17,https://a0.muscache.com/pictures/hosting/Hosting-964456526161235548/original/7851e9e5-d599-4ebf-a992-6da3d97c718d.jpeg,Entire condo
9.62E+17,https://a0.muscache.com/pictures/58f2ab4b-6bbb-4a9f-94b7-0d6056dc3187.jpg,Entire condo
9.65E+17,https://a0.muscache.com/pictures/miso/Hosting-965219405941588633/original/8b36ddef-6d23-4efc-b96a-75f06bd3375f.jpeg,Entire condo
9.65E+17,https://a0.muscache.com/pictures/ce294659-1f1e-431f-93ab-1ad9d87bcc6f.jpg,Entire condo
9.68E+17,https://a0.muscache.com/pictures/miso/Hosting-967593556169957061/original/6dd02216-6a4c-4d45-ae80-2d286b07773c.jpeg,Entire condo
9.65E+17,https://a0.muscache.com/pictures/b25a11b7-4b7c-4442-aca4-36a0cc3c6694.jpg,Entire condo
9.66E+17,https://a0.muscache.com/pictures/13a39d67-ecc1-48f8-a9a5-04c99e76b301.jpg,Entire condo
9.66E+17,https://a0.muscache.com/pictures/miso/Hosting-966069322996094459/original/0d64b305-7ec4-4b65-aefd-57e162e20a67.jpeg,Entire condo
9.68E+17,https://a0.muscache.com/pictures/prohost-api/Hosting-613056013516302689/original/8febf8d8-0808-4911-bc31-8232b65ed421.jpeg,Entire condo
9.67E+17,https://a0.muscache.com/pictures/hosting/Hosting-966526299952710909/original/b3e1b4bf-dc9f-4f5e-8e24-d84e27acf01a.jpeg,Entire condo
9.68E+17,https://a0.muscache.com/pictures/miso/Hosting-968005411844499005/original/a8d73afb-7741-4883-8741-3b6dd7a31da0.jpeg,Entire condo
9.68E+17,https://a0.muscache.com/pictures/prohost-api/Hosting-968053210091890883/original/ba38ce6b-70b4-4024-bafa-3c893300e86d.jpeg,Entire condo
9.68E+17,https://a0.muscache.com/pictures/hosting/Hosting-968102354035204758/original/8700fc2d-f33f-489b-8579-3b4fea33d027.jpeg,Entire condo
9.70E+17,https://a0.muscache.com/pictures/miso/Hosting-969882922253879968/original/65783dc0-5d14-4eed-b363-f61783090185.jpeg,Entire condo
9.70E+17,https://a0.muscache.com/pictures/miso/Hosting-970117130645375572/original/2cb2e757-f3ee-4225-8ab5-24a275a82e69.png,Entire condo
9.70E+17,https://a0.muscache.com/pictures/miso/Hosting-970440939954930455/original/2dd58ace-a30b-4f72-bbd6-70a5595e841e.jpeg,Entire condo
9.70E+17,https://a0.muscache.com/pictures/miso/Hosting-969533252849752598/original/4c799918-c8e6-42be-954f-d0f68fd5cb03.jpeg,Entire condo
9.71E+17,https://a0.muscache.com/pictures/hosting/Hosting-971288822116299217/original/29f02112-d2bf-4e11-aa90-4bbd8da12d74.jpeg,Entire condo
9.72E+17,https://a0.muscache.com/pictures/prohost-api/Hosting-971744117707244739/original/7d380236-bf84-435a-bc14-731149c20427.jpeg,Entire condo
9.73E+17,https://a0.muscache.com/pictures/96eaa4e5-cf8e-4e54-b2c7-80b3d5e81715.jpg,Entire condo
9.72E+17,https://a0.muscache.com/pictures/2f6e4c70-26bf-4994-b60e-c9eb019fda28.jpg,Entire condo
9.73E+17,https://a0.muscache.com/pictures/miso/Hosting-973132441926669711/original/1f0e3719-1bb9-4486-841f-1ba8aa9e72db.jpeg,Entire condo
9.73E+17,https://a0.muscache.com/pictures/prohost-api/Hosting-973312215922387834/original/6fcc527a-0bb9-474e-b833-4ad35233b59d.jpeg,Entire condo
9.73E+17,https://a0.muscache.com/pictures/miso/Hosting-973354770675105036/original/e1ac4ad1-a5e0-48a3-a094-678f0373caca.jpeg,Entire condo
9.73E+17,https://a0.muscache.com/pictures/2dd1225e-cd8a-4704-b3f7-fda1886f5e1f.jpg,Entire condo
9.75E+17,https://a0.muscache.com/pictures/miso/Hosting-975441138519227660/original/e9adb635-de18-4109-971f-df66c0ca5526.jpeg,Entire condo
9.75E+17,https://a0.muscache.com/pictures/23734032-a231-42c6-982a-0a65cd506c02.jpg,Entire condo
9.74E+17,https://a0.muscache.com/pictures/miso/Hosting-974153197695215506/original/f9c570e5-222e-4863-9c52-874dd582e685.jpeg,Entire condo
9.74E+17,https://a0.muscache.com/pictures/miso/Hosting-974176438447807129/original/9846a3c3-e7c7-48fb-910b-f8011b68ae45.jpeg,Entire condo
9.78E+17,https://a0.muscache.com/pictures/miso/Hosting-977870810249626934/original/9ba1555b-b2b7-4def-b85f-bbdead46ab3b.jpeg,Entire condo
9.78E+17,https://a0.muscache.com/pictures/miso/Hosting-977936310776112613/original/fa7a07bf-f21f-41af-888d-0bebdcbf3328.jpeg,Entire condo
9.78E+17,https://a0.muscache.com/pictures/miso/Hosting-978010521890407361/original/c3b5330c-8e6c-48ee-baa7-7bf7b74f4702.jpeg,Entire condo
9.78E+17,https://a0.muscache.com/pictures/miso/Hosting-978240856769687633/original/a8f8ab13-b784-4100-858c-74c17716389d.jpeg,Entire condo
9.77E+17,https://a0.muscache.com/pictures/miso/Hosting-976830018599643066/original/29cf5275-b88b-4161-94b0-1feff3f0db0e.jpeg,Entire condo
9.79E+17,https://a0.muscache.com/pictures/miso/Hosting-969567514941596709/original/01a2de5c-eed3-4752-8c3d-9b57166dd77b.jpeg,Entire condo
9.80E+17,https://a0.muscache.com/pictures/miso/Hosting-979873122462876693/original/67d5eb56-a0d7-4364-92bc-bbf1fdfb1a62.jpeg,Entire condo
9.83E+17,https://a0.muscache.com/pictures/miso/Hosting-6117125/original/96b82d2e-04bc-4063-9858-782511408433.jpeg,Entire condo
9.82E+17,https://a0.muscache.com/pictures/prohost-api/Hosting-981934964889204748/original/daf1d3df-6e2c-41ce-bfe0-05f3a2b5fb18.jpeg,Entire condo
9.82E+17,https://a0.muscache.com/pictures/miso/Hosting-982487679337202223/original/38b734a6-0157-490b-9d23-d68a6961ba9c.png,Entire condo
9.83E+17,https://a0.muscache.com/pictures/miso/Hosting-982593760391869807/original/fd5e8deb-630a-49f0-b433-df4fe1752d9d.jpeg,Entire condo
9.83E+17,https://a0.muscache.com/pictures/miso/Hosting-982945382847132839/original/35067ca4-8e15-44da-b538-15bedd5c7d67.jpeg,Entire condo
9.83E+17,https://a0.muscache.com/pictures/miso/Hosting-983098506442538019/original/eaab1bb7-1cee-4f93-8322-4cdd6ddfedc9.jpeg,Entire condo
9.83E+17,https://a0.muscache.com/pictures/miso/Hosting-983397982842986712/original/ceb5b396-1198-470d-b084-ae232458d4ce.jpeg,Entire condo
9.86E+17,https://a0.muscache.com/pictures/miso/Hosting-985929243536327819/original/179d71b2-f5c7-4ee2-977e-128c2e23c214.jpeg,Entire condo
9.86E+17,https://a0.muscache.com/pictures/3443f766-02cb-42d5-8d7b-a1af78d9fd67.jpg,Entire condo
9.85E+17,https://a0.muscache.com/pictures/miso/Hosting-985288419979666458/original/c7a4fd9e-e328-4e8b-bd72-31b0822c0f64.jpeg,Entire condo
9.86E+17,https://a0.muscache.com/pictures/prohost-api/Hosting-986144066415384398/original/2f39aded-d649-4166-8cb1-d4247595b1cf.jpeg,Entire condo
9.89E+17,https://a0.muscache.com/pictures/c1f28107-00d5-4069-9ebc-244a7fcad89a.jpg,Entire condo
9.88E+17,https://a0.muscache.com/pictures/miso/Hosting-987590285813959423/original/89e72ad9-c1e8-4413-8615-d70af2b5d89d.jpeg,Entire condo
9.89E+17,https://a0.muscache.com/pictures/hosting/Hosting-973503725466644675/original/1abfe89a-fdd8-4a6b-a026-1a7d9f681f00.jpeg,Entire condo
9.90E+17,https://a0.muscache.com/pictures/miso/Hosting-989556749555548683/original/0f529671-55b6-4095-a72b-9c644d60b812.jpeg,Entire condo
9.90E+17,https://a0.muscache.com/pictures/miso/Hosting-989601085458834802/original/4f7400c4-1a5b-467c-9ed5-823a6e7e18b1.jpeg,Entire condo
9.90E+17,https://a0.muscache.com/pictures/prohost-api/Hosting-989843366510029908/original/2943fc7f-2179-4447-a7c9-3fd82b9a7ccc.jpeg,Entire condo
9.90E+17,https://a0.muscache.com/pictures/prohost-api/Hosting-989851601620750869/original/2e113b02-9f7b-498b-8b3e-04d8ea5b80fe.jpeg,Entire condo
9.88E+17,https://a0.muscache.com/pictures/prohost-api/Hosting-988329042597822444/original/a5af2852-f7f5-4cd6-9f7b-314a884fbc49.jpeg,Entire condo
9.90E+17,https://a0.muscache.com/pictures/miso/Hosting-990399987122197152/original/b11b9642-43a2-4d29-9910-f3cd9398071a.jpeg,Entire condo
9.90E+17,https://a0.muscache.com/pictures/miso/Hosting-990429062927917738/original/62420b73-f7c6-450c-bd08-a3023d899039.jpeg,Entire condo
9.91E+17,https://a0.muscache.com/pictures/miso/Hosting-990607724170291970/original/e1328b87-4044-4993-bd74-e0246c579a8c.jpeg,Entire condo
9.88E+17,https://a0.muscache.com/pictures/64623930-358e-45d6-a07a-2f6ccbcaf8d2.jpg,Entire condo
9.91E+17,https://a0.muscache.com/pictures/miso/Hosting-991268111767642131/original/b154abab-d2bc-4b3e-8950-ce4f06e1b79b.jpeg,Entire condo
9.91E+17,https://a0.muscache.com/pictures/miso/Hosting-991478711972576604/original/1d07ab94-043c-4d7f-b349-5c8e8b753167.jpeg,Entire condo
771217,https://a0.muscache.com/pictures/57715927/0808d187_original.jpg,Houseboat
627213,https://a0.muscache.com/pictures/7994612/f3ee24ba_original.jpg,Houseboat
895684,https://a0.muscache.com/pictures/96cac782-153d-4740-a6e1-ddcf994dba54.jpg,Houseboat
1231693,https://a0.muscache.com/pictures/2a4e12be-770f-41b1-a641-d57143eeec44.jpg,Houseboat
1267645,https://a0.muscache.com/pictures/50047029/134f5aa9_original.jpg,Houseboat
1927634,https://a0.muscache.com/pictures/343d0487-ec73-481b-9940-bcb766ccb8f1.jpg,Houseboat
1943465,https://a0.muscache.com/pictures/miso/Hosting-1943465/original/2a383f39-b2e4-489b-8ec0-47e038b23cec.jpeg,Houseboat
2255109,https://a0.muscache.com/pictures/110621671/4b3987a2_original.jpg,Houseboat
2368869,https://a0.muscache.com/pictures/42590046/88c9438a_original.jpg,Houseboat
2450249,https://a0.muscache.com/pictures/32495074/d94c7bad_original.jpg,Houseboat
2787645,https://a0.muscache.com/pictures/6827026b-730d-41fe-b415-37ed40f4f8a5.jpg,Houseboat
3163509,https://a0.muscache.com/pictures/40535051/7c49b7a2_original.jpg,Houseboat
3900628,https://a0.muscache.com/pictures/miso/Hosting-3900628/original/d44496b4-d7fe-4733-9f58-362bf52f3c11.jpeg,Houseboat
4187658,https://a0.muscache.com/pictures/52992736/4d0f6791_original.jpg,Houseboat
4696241,https://a0.muscache.com/pictures/miso/Hosting-4696241/original/613c6155-e9ac-4412-91e0-2dacc0d9e671.jpeg,Houseboat
4860508,https://a0.muscache.com/pictures/60945927/f79dfcee_original.jpg,Houseboat
4898741,https://a0.muscache.com/pictures/61438858/4d5eedc7_original.jpg,Houseboat
5374067,https://a0.muscache.com/pictures/67105268/1ad0a092_original.jpg,Houseboat
5609836,https://a0.muscache.com/pictures/21ce2c25-bff3-4e3c-bcdc-97e24df76ed6.jpg,Houseboat
5836389,https://a0.muscache.com/pictures/73327447/784d81b4_original.jpg,Houseboat
6455099,https://a0.muscache.com/pictures/111709445/c1ecaf83_original.jpg,Houseboat
6867245,https://a0.muscache.com/pictures/90012865/d9737eb1_original.jpg,Houseboat
6982667,https://a0.muscache.com/pictures/92486266/70b832ff_original.jpg,Houseboat
7232162,https://a0.muscache.com/pictures/92857478/076e298f_original.jpg,Houseboat
7566493,https://a0.muscache.com/pictures/96017650/457448a6_original.jpg,Houseboat
8759098,https://a0.muscache.com/pictures/111742661/f0409110_original.jpg,Houseboat
10379281,https://a0.muscache.com/pictures/e3f58a15-c21f-47a1-a741-0b74e62907f6.jpg,Houseboat
11578176,https://a0.muscache.com/pictures/miso/Hosting-11578176/original/8a8e7504-64d0-4904-9a8d-b9ccd5f085bf.jpeg,Houseboat
13247212,https://a0.muscache.com/pictures/82400b32-35d5-4092-aa71-93812f19949a.jpg,Houseboat
13710865,https://a0.muscache.com/pictures/7798563c-8e68-4731-8d08-21b2f684dea2.jpg,Houseboat
13933082,https://a0.muscache.com/pictures/a8019602-ad74-449f-a771-51ce595a6648.jpg,Houseboat
13965835,https://a0.muscache.com/pictures/d9753109-17ad-4184-979c-0ccbf1191b7e.jpg,Houseboat
14343204,https://a0.muscache.com/pictures/4d0473fc-8d58-4111-9201-fd3a1efd1a92.jpg,Houseboat
14548324,https://a0.muscache.com/pictures/3255e2e6-ad60-4db0-b669-7874ebd0cecd.jpg,Houseboat
15038140,https://a0.muscache.com/pictures/09d5f929-0c95-4e17-b8cf-4a9f467f75d0.jpg,Houseboat
15152694,https://a0.muscache.com/pictures/15bff298-b410-47bb-9638-55d93e1851a8.jpg,Houseboat
15304003,https://a0.muscache.com/pictures/miso/Hosting-15304003/original/4d88a174-a071-41e1-9dae-115456531b2c.jpeg,Houseboat
15651912,https://a0.muscache.com/pictures/miso/Hosting-15651912/original/e385b81f-635d-4e00-943d-c569f1d69d7c.jpeg,Houseboat
15652115,https://a0.muscache.com/pictures/miso/Hosting-15652115/original/b99632e2-01df-4dc5-b154-5c047cf366d0.jpeg,Houseboat
15921637,https://a0.muscache.com/pictures/ef1955ec-7df7-4dcf-904b-4554f2a211fe.jpg,Houseboat
15926617,https://a0.muscache.com/pictures/c0c1140f-9439-474c-92b9-4c2183138305.jpg,Houseboat
16198996,https://a0.muscache.com/pictures/6b0ae954-d313-43e1-8dc2-383e589ec897.jpg,Houseboat
16950035,https://a0.muscache.com/pictures/2699a55e-0208-4ab2-a4a1-1606f785dee9.jpg,Houseboat
19527624,https://a0.muscache.com/pictures/8ae67850-2fa3-4793-bf26-8c51a83bf5ba.jpg,Houseboat
19559154,https://a0.muscache.com/pictures/4a669ea4-c4ad-4131-9b46-c28071bfce7e.jpg,Houseboat
19734830,https://a0.muscache.com/pictures/39184835-774b-4b7b-b0f1-44ed7a0b1005.jpg,Houseboat
19803300,https://a0.muscache.com/pictures/752508b9-5078-453b-9881-b034b9471f52.jpg,Houseboat
19973782,https://a0.muscache.com/pictures/2b721082-8e1e-4c64-b1a6-732b0a34ce31.jpg,Houseboat
21752144,https://a0.muscache.com/pictures/d3a91620-ad18-4b15-8547-856a239f8e05.jpg,Houseboat
22581281,https://a0.muscache.com/pictures/ebc83b47-c8c8-4905-8948-c5bf0ede9a54.jpg,Houseboat
22732874,https://a0.muscache.com/pictures/c385c4ae-857b-45c3-bde2-056829b120db.jpg,Houseboat
23059863,https://a0.muscache.com/pictures/ef107397-b67f-46e3-af6a-18f070b6820f.jpg,Houseboat
23140460,https://a0.muscache.com/pictures/16dec6e1-df30-4ce8-95ff-e526acb8e60b.jpg,Houseboat
23871200,https://a0.muscache.com/pictures/758e7e67-e7ec-4d2b-ad52-bfdc9231d698.jpg,Houseboat
23963946,https://a0.muscache.com/pictures/b79c1832-4271-46cc-b98b-93a0045f7c95.jpg,Houseboat
23977668,https://a0.muscache.com/pictures/ff4e53b3-9970-425a-ae94-bba85f754b61.jpg,Houseboat
24193584,https://a0.muscache.com/pictures/91193b40-673f-4d78-969e-6d8daf0f6fab.jpg,Houseboat
24256874,https://a0.muscache.com/pictures/302361d1-84e2-4112-919f-34dcdb063d15.jpg,Houseboat
25123015,https://a0.muscache.com/pictures/21e15044-d5e8-4a91-a906-87c87e22e73b.jpg,Houseboat
28098878,https://a0.muscache.com/pictures/cd15ae11-377b-42b7-98c1-de8145da7890.jpg,Houseboat
29795660,https://a0.muscache.com/pictures/miso/Hosting-29795660/original/665b609a-b7c0-4787-9000-c7b60a12bfac.jpeg,Houseboat
29870472,https://a0.muscache.com/pictures/6cec4e38-6f9b-4239-80e5-bfcc8530f143.jpg,Houseboat
30142159,https://a0.muscache.com/pictures/33af741f-7a6d-421a-91c5-1d4465c05dac.jpg,Houseboat
31086086,https://a0.muscache.com/pictures/6839f3ea-c6df-4bf6-886c-bb8dbeda64dd.jpg,Houseboat
32106777,https://a0.muscache.com/pictures/16624406-95f3-4c00-af1f-fde228818cc4.jpg,Houseboat
32464492,https://a0.muscache.com/pictures/b1d20e93-65fc-4d38-8d40-80011def9e71.jpg,Houseboat
33426492,https://a0.muscache.com/pictures/miso/Hosting-33426492/original/1ac2127c-fb57-4150-8a7e-e75a91aa88c0.jpeg,Houseboat
33568150,https://a0.muscache.com/pictures/cb072645-67cd-4ef3-bc62-577e3cf9ad9a.jpg,Houseboat
33660154,https://a0.muscache.com/pictures/51195eb6-d165-418c-8100-49f55d52ef71.jpg,Houseboat
33904432,https://a0.muscache.com/pictures/ef8bc103-9ba4-4b38-add3-f15587cdffde.jpg,Houseboat
33937030,https://a0.muscache.com/pictures/7c64e240-880e-410a-9ffa-aed78de1de58.jpg,Houseboat
35118660,https://a0.muscache.com/pictures/miso/Hosting-35118660/original/b8e1d28e-b196-4672-969b-4c337df9a686.jpeg,Houseboat
36311189,https://a0.muscache.com/pictures/20eddf8e-ce67-4c27-a015-e8e0b7e8fc74.jpg,Houseboat
36556540,https://a0.muscache.com/pictures/4d9ed909-5f06-478f-ae41-5295baab2ebf.jpg,Houseboat
36561978,https://a0.muscache.com/pictures/1bc59892-7f9e-433e-92d1-e95fdd8f5a59.jpg,Houseboat
36784801,https://a0.muscache.com/pictures/83e3148a-ce90-4290-8081-4a03bcc3dda5.jpg,Houseboat
38214466,https://a0.muscache.com/pictures/448dba56-c53f-4bdf-9c5b-f26123aa5b8b.jpg,Houseboat
38339700,https://a0.muscache.com/pictures/miso/Hosting-38339700/original/cfa904d8-d91d-4604-9001-f4395c73da53.jpeg,Houseboat
38371742,https://a0.muscache.com/pictures/prohost-api/Hosting-38371742/original/c5d9eb68-fca7-454c-bbd1-1051d5e42005.jpeg,Houseboat
39914987,https://a0.muscache.com/pictures/e375140f-e468-43c7-a580-a82901c52af0.jpg,Houseboat
41468606,https://a0.muscache.com/pictures/9df56932-4041-4298-b558-2659f66e383e.jpg,Houseboat
41793095,https://a0.muscache.com/pictures/82899a84-494c-4c84-b853-8a40b0a86306.jpg,Houseboat
42150551,https://a0.muscache.com/pictures/d74a13d5-96ab-4c23-8489-0db2d9c1978a.jpg,Houseboat
42855140,https://a0.muscache.com/pictures/miso/Hosting-42855140/original/753c4667-4d99-4565-8f28-b77a3bc621ba.jpeg,Houseboat
43495835,https://a0.muscache.com/pictures/fe203b34-8c47-4ec8-a098-cadccf28629c.jpg,Houseboat
43920891,https://a0.muscache.com/pictures/12db2fb5-ef39-44ff-9fc8-4324ecd43a31.jpg,Houseboat
44314637,https://a0.muscache.com/pictures/d4e4dd79-1442-4cdb-8b6b-7e9733f98054.jpg,Houseboat
44387773,https://a0.muscache.com/pictures/b0d59e07-ca72-4ea1-98c8-b0535c2c8403.jpg,Houseboat
44448883,https://a0.muscache.com/pictures/6ef33c43-5e8a-4170-9c82-a9880bd7b737.jpg,Houseboat
44534876,https://a0.muscache.com/pictures/miso/Hosting-44534876/original/6fe3e213-1234-4d3a-8c67-6a5ced0678d4.jpeg,Houseboat
45356991,https://a0.muscache.com/pictures/miso/Hosting-45356991/original/3637feea-cc8e-44db-8f4b-7cbf0cb57bc5.jpeg,Houseboat
45361529,https://a0.muscache.com/pictures/215684f8-56bb-4623-b24b-8ed6ebd9b6fa.jpg,Houseboat
45474345,https://a0.muscache.com/pictures/miso/Hosting-45474345/original/be65494c-36ee-41db-b9d1-c4140ae3bfe9.jpeg,Houseboat
48868108,https://a0.muscache.com/pictures/93515276-8c1e-4e98-a801-f97ea9c38463.jpg,Houseboat
49051217,https://a0.muscache.com/pictures/2506ec8b-4ab8-4755-a08e-d95191b6477f.jpg,Houseboat
50081646,https://a0.muscache.com/pictures/miso/Hosting-50081646/original/db900e95-aa22-403c-9846-63a969156ef9.jpeg,Houseboat
50396459,https://a0.muscache.com/pictures/miso/Hosting-50396459/original/4917b767-d82a-4016-bce3-bac998cdb293.jpeg,Houseboat
50821394,https://a0.muscache.com/pictures/miso/Hosting-50821394/original/e682b074-4f0a-417b-a6f4-a533cf881de7.jpeg,Houseboat
51230457,https://a0.muscache.com/pictures/miso/Hosting-51230457/original/a01eb954-3e1a-4693-95d7-385f25ea9546.jpeg,Houseboat
51361172,https://a0.muscache.com/pictures/miso/Hosting-51361172/original/d78ff9f8-dc87-411a-a545-8eb1d6701dec.jpeg,Houseboat
51477345,https://a0.muscache.com/pictures/miso/Hosting-51477345/original/144b0ce6-78ac-4ec9-a15f-aedef28fc851.jpeg,Houseboat
51488747,https://a0.muscache.com/pictures/miso/Hosting-51488747/original/fa3f38f3-921b-47c4-acf0-119e8e515fbf.jpeg,Houseboat
51949488,https://a0.muscache.com/pictures/d7ff8773-420c-4352-9138-b83f5e9ecea5.jpg,Houseboat
52293145,https://a0.muscache.com/pictures/miso/Hosting-52293145/original/ceb69dfb-a47d-4efa-9d19-532fa555690d.jpeg,Houseboat
52348306,https://a0.muscache.com/pictures/miso/Hosting-52348306/original/147956fc-c309-4898-8a83-12988f722397.jpeg,Houseboat
52541885,https://a0.muscache.com/pictures/miso/Hosting-52541885/original/9d20a7cf-373a-44ef-8fc1-2782d2b63b3a.jpeg,Houseboat
52893697,https://a0.muscache.com/pictures/miso/Hosting-52893697/original/e1bc472c-5200-40a7-9698-6ef927da1dbb.jpeg,Houseboat
53350993,https://a0.muscache.com/pictures/97dd682b-035a-4175-9382-ec0dfaf010f6.jpg,Houseboat
53805044,https://a0.muscache.com/pictures/miso/Hosting-53805044/original/504fdd13-540a-4cd0-b857-13b91c1bad79.jpeg,Houseboat
5.50E+17,https://a0.muscache.com/pictures/miso/Hosting-549873243572050105/original/7bcac082-3bf1-41ad-89b8-644c519808bb.jpeg,Houseboat
5.55E+17,https://a0.muscache.com/pictures/miso/Hosting-555450560059042504/original/f4ca8a2a-3ef3-4c77-b6b5-2565edf3e82a.jpeg,Houseboat
5.61E+17,https://a0.muscache.com/pictures/miso/Hosting-560699954213603348/original/5125212e-7c61-4ac8-9bd2-9a02ba496682.png,Houseboat
5.62E+17,https://a0.muscache.com/pictures/a1f64059-a3f9-49fd-83ed-0f921c8f89b1.jpg,Houseboat
5.69E+17,https://a0.muscache.com/pictures/miso/Hosting-568683128219348239/original/42e2cfa6-5ac9-47b1-8afc-ed3e04072994.jpeg,Houseboat
5.90E+17,https://a0.muscache.com/pictures/54b673ae-e0fe-4420-b04c-8f42e10e2738.jpg,Houseboat
5.93E+17,https://a0.muscache.com/pictures/miso/Hosting-592555584488138757/original/0457269d-2cd7-4596-8cb2-c2fa290103fa.jpeg,Houseboat
5.96E+17,https://a0.muscache.com/pictures/miso/Hosting-596105973139931864/original/ad671525-470a-456b-a7ad-9f9cc310d440.jpeg,Houseboat
5.98E+17,https://a0.muscache.com/pictures/miso/Hosting-598055204080363568/original/291b8946-ccfa-4571-be74-7d565aab8f31.jpeg,Houseboat
6.02E+17,https://a0.muscache.com/pictures/miso/Hosting-601522042905345162/original/c233d12a-c29b-450b-8fdd-59888acdd9a7.jpeg,Houseboat
6.02E+17,https://a0.muscache.com/pictures/miso/Hosting-601997657540048927/original/9dc8498d-4cdc-4743-8264-0b1e882fb25f.jpeg,Houseboat
6.36E+17,https://a0.muscache.com/pictures/miso/Hosting-635841870890109142/original/6b5715f4-9477-4431-87d7-7cc5fc8b6e25.jpeg,Houseboat
6.37E+17,https://a0.muscache.com/pictures/miso/Hosting-637469981849567008/original/c32ce8ff-351d-4106-8dd7-2367caf81802.jpeg,Houseboat
6.45E+17,https://a0.muscache.com/pictures/miso/Hosting-645415424366456737/original/7042eb78-930d-40d3-8d02-8f21cfa729e1.jpeg,Houseboat
6.47E+17,https://a0.muscache.com/pictures/418703f8-b347-48bd-81cc-e81a0f9cc5c3.jpg,Houseboat
6.48E+17,https://a0.muscache.com/pictures/miso/Hosting-648436498855217329/original/b5cf5569-b070-435b-9210-8670317e4da9.jpeg,Houseboat
6.49E+17,https://a0.muscache.com/pictures/miso/Hosting-648992361047425295/original/8235eb3e-6267-4924-ab7e-59b12a3e88db.jpeg,Houseboat
6.50E+17,https://a0.muscache.com/pictures/069b4185-f6e6-4954-9957-508c8ae4c78f.jpg,Houseboat
6.53E+17,https://a0.muscache.com/pictures/miso/Hosting-652669699499168719/original/4e73a300-b7fe-4ba8-a180-9f237573858c.jpeg,Houseboat
6.53E+17,https://a0.muscache.com/pictures/miso/Hosting-652767804151967005/original/070d4851-0efe-4040-b0c6-fdf70e2099a0.jpeg,Houseboat
6.58E+17,https://a0.muscache.com/pictures/67bb8d2a-e7b1-4532-909a-4d425a42c764.jpg,Houseboat
6.60E+17,https://a0.muscache.com/pictures/miso/Hosting-660048717737648258/original/486557f8-1b85-4fba-b850-632397803dfc.jpeg,Houseboat
6.61E+17,https://a0.muscache.com/pictures/miso/Hosting-660596556993494866/original/0362fd20-bc10-47d6-b772-17c66bc1fdde.jpeg,Houseboat
6.65E+17,https://a0.muscache.com/pictures/miso/Hosting-664538756986273255/original/882170e8-eaab-44be-8ee8-991338328e1f.jpeg,Houseboat
6.70E+17,https://a0.muscache.com/pictures/miso/Hosting-669935869297971816/original/b91767d9-3830-47b5-90c6-6a531382bedc.jpeg,Houseboat
7.11E+17,https://a0.muscache.com/pictures/miso/Hosting-710834346446943255/original/1183917e-7eeb-4704-b558-e2ab5aec9d15.png,Houseboat
7.23E+17,https://a0.muscache.com/pictures/miso/Hosting-723059186940453638/original/9f333b5e-5583-4008-9010-c04a8edd1de9.jpeg,Houseboat
7.52E+17,https://a0.muscache.com/pictures/miso/Hosting-751567239237328887/original/c4a9e936-e677-4f71-aee2-67f25fe3d10d.jpeg,Houseboat
7.86E+17,https://a0.muscache.com/pictures/prohost-api/Hosting-785526014986227582/original/0387b727-6cf6-40bd-b2e3-dd755508196f.jpeg,Houseboat
8.00E+17,https://a0.muscache.com/pictures/miso/Hosting-800486890052558340/original/5d785d86-2bce-45d1-83fa-c0cae21d904b.jpeg,Houseboat
8.14E+17,https://a0.muscache.com/pictures/miso/Hosting-814424197432484927/original/bd4f6d1a-4a85-4e00-a6a2-5d997072a1cb.jpeg,Houseboat
8.30E+17,https://a0.muscache.com/pictures/miso/Hosting-829505152841044955/original/c95cd12d-ba72-4dd0-869c-9a78857b5432.jpeg,Houseboat
8.36E+17,https://a0.muscache.com/pictures/miso/Hosting-836318194377708915/original/097f017a-9365-4167-b65b-1f478f1c77b2.jpeg,Houseboat
8.42E+17,https://a0.muscache.com/pictures/miso/Hosting-841921760242949439/original/6523a363-314d-497f-afe2-165443627078.jpeg,Houseboat
8.46E+17,https://a0.muscache.com/pictures/miso/Hosting-846253516795998653/original/37039b97-c64a-4aeb-a2d8-791f39a0f27d.jpeg,Houseboat
8.67E+17,https://a0.muscache.com/pictures/miso/Hosting-867101478989168185/original/d75f6589-b77e-4d47-8a89-9f9f0f24f03a.jpeg,Houseboat
8.67E+17,https://a0.muscache.com/pictures/miso/Hosting-867415120989145377/original/59907149-b15c-4c9f-bff9-1a72c94c3f16.png,Houseboat
8.80E+17,https://a0.muscache.com/pictures/miso/Hosting-880268352542679594/original/3c7e2517-a45f-48a6-9ddf-2d37303120d8.jpeg,Houseboat
8.82E+17,https://a0.muscache.com/pictures/miso/Hosting-881604809875341028/original/3a28fb4d-9edf-4835-b0b2-67b6ea9c8d2f.jpeg,Houseboat
8.87E+17,https://a0.muscache.com/pictures/22eb81cb-7ce5-4029-896c-92f793d29e50.jpg,Houseboat
9.04E+17,https://a0.muscache.com/pictures/miso/Hosting-904196274413977378/original/f0694932-77e3-499f-93cb-e104970ea9ca.jpeg,Houseboat
9.13E+17,https://a0.muscache.com/pictures/miso/Hosting-913078417021087927/original/98621853-b6d5-47cc-9248-957d2bf937da.jpeg,Houseboat
9.15E+17,https://a0.muscache.com/pictures/miso/Hosting-914561328205454238/original/d63327c7-a955-4172-8197-e0bf3f774e20.jpeg,Houseboat
9.15E+17,https://a0.muscache.com/pictures/miso/Hosting-915157283343676298/original/3e233c15-f60b-43e0-a3a1-85c24cf6d654.jpeg,Houseboat
9.21E+17,https://a0.muscache.com/pictures/miso/Hosting-920733493891542411/original/36f0e43b-e6f7-4b6c-bced-b7f07b16dfab.jpeg,Houseboat
9.69E+17,https://a0.muscache.com/pictures/miso/Hosting-969358549389305700/original/a3a415a0-b7ad-449b-b2eb-5a56a2cbcf46.jpeg,Houseboat
